Workbook

Sheet Report
C3: FILMON
C4: DECEMBER 2025 PAYMENTS
C6: SL NO | D6: VEHICLE NO | E6: WASTE MILLING | G6: ASPHALT | I6: DAILY | L6: AMOUNT
E7: TON | F7: 9 | G7: TON | H7: 11 | I7: DAY | J7: NIGHT | K7: 50
C8: 1 | D8: 32688 | E8: ='32688'!I12 -> 492.04 | F8: =E8*F$7 -> 4428.36 | I8: ='32688'!I14 -> 0 | J8: ='32688'!I15 -> 0 | K8: =(I8+J8)*K$7 -> 0 | L8: =F8+H8+K8 -> 4428.36
C9: 2 | D9: 1308743 | E9: ='130874'!I12 -> 396.86 | F9: =E9*F$7 -> 3571.74 | L9: =F9+H9+K9 -> 3571.74
C10: 3 | D10: 289234 | E10: ='289234'!I12 -> 706.2 | F10: =E10*F$7 -> 6355.8 | L10: =F10+H10+K10 -> 6355.8
E11: =SUM(E8:E10) -> 1595.1 | F11: =SUM(F8:F10) -> 14355.9 | G11: =SUM(G8:G8) -> 0 | H11: =SUM(H8:H8) -> 0 | I11: =SUM(I8:I8) -> 0 | J11: =SUM(J8:J8) -> 0 | K11: =SUM(K8:K8) -> 0 | L11: =SUM(L8:L10) -> 14355.9

Sheet 32688
B3: NAME | F3: PLATE NO | I3: SIGN | L3: REMARKS
B4: FILMON | F4: 32688 | L4: CALCULATION
B7: DATE | J7: FROM | L7: 45992
B8: PAID BY | J8: TO | L8: 46022
E11: DESCRIPTION | H11: RATE | I11: QTY | J11: AMOUNT
E12: WASTE MILLING | H12: 9 | I12: =J37 -> 492.04 | J12: =H12*I12 -> 4428.36
E13: ASPHALT | H13: 11 | I13: =J44 -> 0 | J13: =H13*I13 -> 0
E14: DAILY - DAY | H14: 50 | I14: 0 | J14: =H14*I14 -> 0
E15: DAILY - NIGHT | H15: 50 | I15: 0 | J15: =H15*I15 -> 0
H16: TOTAL | J16: =SUM(J12:K15) -> 4428.36
E20: TOTAL AFTER DEDUCTION | I20: =J16-I18-I19 -> 4428.36
B23: S.L | C23: Date | D23: TICT-TICKET NO | E23: CCC-TICKET NO | F23: VEHICLE | G23: DRIVER NAME | H23: FIRST WEIGHT | I23: SECOND WEIGHT | J23: NET WEIGHT | K23: TIME | L23: MATERIAL | M23: SOURCE
B24: 1 | C24: 46008 | D24: 9516 | E24: 19324 | F24: 32688 | G24: LILA | H24: 18.56 | I24: 53.8 | J24: 35.24 | K24: 0.67569444 | L24: WASTE MILLING | M24: CCC-HIAR
B25: 2 | C25: 46009 | D25: 9519 | E25: 19377 | F25: 32688 | G25: LILA | H25: 18.56 | I25: 51.8 | J25: 33.24 | K25: 0.42291667 | L25: WASTE MILLING | M25: CCC-HIAR
B26: 3 | C26: 46011 | D26: 9522 | E26: 19552 | F26: 32688 | G26: LILA | H26: 18.56 | I26: 56.64 | J26: 38.08 | K26: 0.67291667 | L26: WASTE MILLING | M26: CCC-HIAR
B27: 4 | C27: 46011 | D27: 9521 | E27: 19586 | F27: 32688 | G27: LILA | H27: 18.56 | I27: 55.12 | J27: 36.56 | K27: 0.92708333 | L27: WASTE MILLING | M27: CCC-HIAR
B28: 5 | C28: 46012 | D28: 9525 | E28: 309 | F28: 32688 | G28: LILA | H28: 18.56 | I28: 58.68 | J28: 40.12 | K28: 0.92638889 | L28: WASTE MILLING | M28: CCC-HIAR
B29: 6 | C29: 46012 | D29: 9526 | E29: 19641 | F29: 32688 | G29: LILA | H29: 18.56 | I29: 49.72 | J29: 31.16 | K29: 0.4 | L29: WASTE MILLING | M29: CCC-HIAR
B30: 7 | C30: 46013 | D30: 9533 | E30: 388 | F30: 32688 | G30: LILA | H30: 18.56 | I30: 62.5 | J30: 43.94 | K30: 0.45833333 | L30: WASTE MILLING | M30: CCC-HIAR
B31: 8 | C31: 46013 | D31: 9534 | E31: 437 | F31: 32688 | G31: LILA | H31: 18.56 | I31: 54.7 | J31: 36.14 | K31: 0.64930556 | L31: WASTE MILLING | M31: CCC-HIAR
B32: 9 | C32: 46014 | D32: 9538 | E32: 475 | F32: 32688 | G32: LILA | H32: 18.56 | I32: 62.44 | J32: 43.88 | K32: 0.13055556 | L32: WASTE MILLING | M32: CCC-HIAR
B33: 10 | C33: 46014 | D33: 9541 | E33: 489 | F33: 32688 | G33: LILA | H33: 18.56 | I33: 59.88 | J33: 41.32 | K33: 0.51388889 | L33: WASTE MILLING | M33: CCC-HIAR
B34: 11 | C34: 46015 | D34: 9545 | E34: 515 | F34: 32688 | G34: LILA | H34: 18.56 | I34: 61.46 | J34: 42.9 | K34: 0.35277778 | L34: WASTE MILLING | M34: CCC-HIAR
B35: 12 | C35: 46016 | D35: 9549 | E35: 534 | F35: 32688 | G35: LILA | H35: 18.56 | I35: 54.36 | J35: 35.8 | K35: 0.41805556 | L35: WASTE MILLING | M35: CCC-HIAR
B36: 13 | C36: 46018 | D36: 9603 | E36: 550 | F36: 32688 | G36: LILA | H36: 18.56 | I36: 52.22 | J36: 33.66 | K36: 0.4125 | L36: WASTE MILLING | M36: CCC-HIAR
J37: =SUM(J24:J36) -> 492.04 | K37: 9
K38: =J37*K37 -> 4428.36
B42: S.L | C42: Date | D42: TICT-TICKET NO | E42: CCC-TICKET NO | F42: VEHICLE | G42: DRIVER NAME | H42: FIRST WEIGHT | I42: SECOND WEIGHT | J42: NET WEIGHT | K42: MATERIAL
J44: =SUM(J43:J43) -> 0 | K44: 11
K45: =J44*K44 -> 0

Sheet 130874
B3: NAME | F3: PLATE NO | I3: SIGN | L3: REMARKS
B4: FILMON | F4: 130874 | L4: CALCULATION
B7: DATE | J7: FROM | L7: 45992
B8: PAID BY | J8: TO | L8: 46022
E11: DESCRIPTION | H11: RATE | I11: QTY | J11: AMOUNT
E12: WASTE MILLING | H12: 9 | I12: =J36 -> 396.86 | J12: =H12*I12 -> 3571.74
E13: ASPHALT | H13: 11 | I13: =J43 -> 0 | J13: =H13*I13 -> 0
E14: DAILY - DAY | H14: 50 | I14: 0 | J14: =H14*I14 -> 0
E15: DAILY - NIGHT | H15: 50 | I15: 0 | J15: =H15*I15 -> 0
H16: TOTAL | J16: =SUM(J12:K15) -> 3571.74
E20: TOTAL AFTER DEDUCTION | I20: =J16-I18-I19 -> 3571.74
B23: S.L | C23: Date | D23: TICT-TICKET NO | E23: CCC-TICKET NO | F23: VEHICLE | G23: DRIVER NAME | H23: FIRST WEIGHT | I23: SECOND WEIGHT | J23: NET WEIGHT | K23: TIME | L23: MATERIAL | M23: SOURCE
B24: 1 | C24: 46008 | D24: 9515 | E24: 19301 | F24: 130874 | G24: M.ISMAIL | H24: 16.94 | I24: 47.7 | J24: 30.76 | K24: 0.48194444 | L24: WASTE MILLING | M24: CCC-HIAR
B25: 2 | C25: 46011 | D25: 9523 | E25: 19524 | F25: 130874 | G25: M.ISMAIL | H25: 16.94 | I25: 50.34 | J25: 33.4 | K25: 12.36 PM | L25: WASTE MILLING | M25: CCC-HIAR
B26: 3 | C26: 46012 | D26: 9528 | E26: 286 | F26: 130874 | G26: M.ISMAIL | H26: 16.94 | I26: 51.48 | J26: 34.54 | K26: 0.76041667 | L26: WASTE MILLING | M26: CCC-HIAR
B27: 4 | C27: 46012 | D27: 9527 | E27: 19601 | F27: 130874 | G27: M.ISMAIL | H27: 16.94 | I27: 53.9 | J27: 36.96 | K27: 0.047916667 | L27: WASTE MILLING | M27: CCC-HIAR
B28: 5 | C28: 46013 | D28: 9530 | E28: 340 | F28: 130874 | G28: M.ISMAIL | H28: 16.94 | I28: 49.92 | J28: 32.98 | K28: 0.13125 | L28: WASTE MILLING | M28: CCC-HIAR
B29: 6 | C29: 46013 | D29: 9531 | E29: 423 | F29: 130874 | G29: M.ISMAIL | H29: 16.94 | I29: 52.04 | J29: 35.1 | K29: 0.59652778 | L29: WASTE MILLING | M29: CCC-HIAR
B30: 7 | C30: 46013 | D30: 9532 | E30: 442 | F30: 130874 | G30: M.ISMAIL | H30: 16.94 | I30: 50.74 | J30: 33.8 | K30: 0.68888889 | L30: WASTE MILLING | M30: CCC-HIAR
B31: 8 | C31: 46014 | D31: 9539 | E31: 480 | F31: 130874 | G31: M.ISMAIL | H31: 16.94 | I31: 46.32 | J31: 29.38 | K31: 0.33541667 | L31: WASTE MILLING | M31: CCC-HIAR
B32: 9 | C32: 46014 | D32: 9540 | E32: 501 | F32: 130874 | G32: M.ISMAIL | H32: 16.94 | I32: 46.68 | J32: 29.74 | K32: 0.6375 | L32: WASTE MILLING | M32: CCC-HIAR
B33: 10 | C33: 46015 | D33: 9544 | E33: 513 | F33: 130874 | G33: M.ISMAIL | H33: 16.94 | I33: 49.74 | J33: 32.8 | K33: 0.32708333 | L33: WASTE MILLING | M33: CCC-HIAR
B34: 11 | C34: 46016 | D34: 9548 | E34: 531 | F34: 130874 | G34: M.ISMAIL | H34: 16.94 | I34: 50.42 | J34: 33.48 | K34: 0.33055556 | L34: WASTE MILLING | M34: CCC-HIAR
B35: 12 | C35: 46018 | D35: 9602 | E35: 548 | F35: 130874 | G35: M.ISMAIL | H35: 16.94 | I35: 50.86 | J35: 33.92 | K35: 0.37916667 | L35: WASTE MILLING | M35: CCC-HIAR
J36: =SUM(J24:J35) -> 396.86 | K36: 9
K37: =J36*K36 -> 3571.74
B41: S.L | C41: Date | D41: TICT-TICKET NO | E41: CCC-TICKET NO | F41: VEHICLE | G41: DRIVER NAME | H41: FIRST WEIGHT | I41: SECOND WEIGHT | J41: NET WEIGHT | K41: MATERIAL
J43: =SUM(J42:J42) -> 0 | K43: 11
K44: =J43*K43 -> 0

Sheet 289234
B3: NAME | F3: PLATE NO | I3: SIGN | L3: REMARKS
B4: FILMON | F4: 289234 | L4: CALCULATION
B7: DATE | J7: FROM | L7: 45992
B8: PAID BY | J8: TO | L8: 46022
E11: DESCRIPTION | H11: RATE | I11: QTY | J11: AMOUNT
E12: WASTE MILLING | H12: 9 | I12: =J43 -> 706.2 | J12: =H12*I12 -> 6355.8
E13: ASPHALT | H13: 11 | I13: =J50 -> 0 | J13: =H13*I13 -> 0
E14: DAILY - DAY | H14: 50 | I14: 0 | J14: =H14*I14 -> 0
E15: DAILY - NIGHT | H15: 50 | I15: 0 | J15: =H15*I15 -> 0
H16: TOTAL | J16: =SUM(J12:K15) -> 6355.8
E20: TOTAL AFTER DEDUCTION | I20: =J16-I18-I19 -> 6355.8
B23: S.L | C23: Date | D23: TICT-TICKET NO | E23: CCC-TICKET NO | F23: VEHICLE | G23: DRIVER NAME | H23: FIRST WEIGHT | I23: SECOND WEIGHT | J23: NET WEIGHT | K23: TIME | L23: MATERIAL | M23: SOURCE
B24: 1 | C24: 46008 | D24: 9518 | E24: 19281 | F24: 289234 | G24: JAGATH | H24: 18.16 | I24: 54.54 | J24: 36.38 | K24: 0.34166667 | L24: WASTE MILLING | M24: CCC-HIAR
B25: 2 | C25: 46008 | D25: 9517 | E25: 19348 | F25: 289234 | G25: JAGATH | H25: 18.16 | I25: 56 | J25: 37.84 | K25: 0.89305556 | L25: WASTE MILLING | M25: CCC-HIAR
B26: 3 | C26: 46011 | D26: 9524 | E26: 19503 | F26: 289234 | G26: JAGATH | H26: 18.16 | I26: 57.74 | J26: 39.58 | K26: 0.37777778 | L26: WASTE MILLING | M26: CCC-HIAR
B27: 4 | C27: 46011 | D27: 9520 | E27: 19572 | F27: 289234 | G27: JAGATH | H27: 18.16 | I27: 59.68 | J27: 41.52 | K27: 0.83333333 | L27: WASTE MILLING | M27: CCC-HIAR
B28: 5 | C28: 46012 | D28: 9479 | E28: 263 | F28: 289234 | G28: JAGATH | H28: 18.16 | I28: 55.36 | J28: 37.2 | K28: 0.59305556 | L28: WASTE MILLING | M28: CCC-HIAR
B29: 6 | C29: 46012 | D29: 9529 | E29: 19609 | F29: 289234 | G29: JAGATH | H29: 18.16 | I29: 57.96 | J29: 39.8 | K29: 0.12083333 | L29: WASTE MILLING | M29: CCC-HIAR
B30: 7 | C30: 46013 | D30: 9535 | E30: 329 | F30: 289234 | G30: JAGATH | H30: 18.16 | I30: 57.68 | J30: 39.52 | K30: 0.063194444 | L30: WASTE MILLING | M30: CCC-HIAR
B31: 8 | C31: 46013 | D31: 9536 | E31: 419 | F31: 289234 | G31: JAGATH | H31: 18.16 | I31: 57.2 | J31: 39.04 | K31: 0.58958333 | L31: WASTE MILLING | M31: CCC-HIAR
B32: 9 | C32: 46014 | D32: 9537 | E32: 466 | F32: 289234 | G32: JAGATH | H32: 18.16 | I32: 61.24 | J32: 43.08 | K32: 0.011111111 | L32: WASTE MILLING | M32: CCC-HIAR
B33: 10 | C33: 46014 | D33: 9543 | E33: 485 | F33: 289234 | G33: JAGATH | H33: 18.16 | I33: 57.5 | J33: 39.34 | K33: 0.44513889 | L33: WASTE MILLING | M33: CCC-HIAR
B34: 11 | C34: 46014 | D34: 9542 | E34: 506 | F34: 289234 | G34: JAGATH | H34: 18.16 | I34: 49.22 | J34: 31.06 | K34: 0.70416667 | L34: WASTE MILLING | M34: CCC-HIAR
B35: 12 | C35: 46015 | D35: 9547 | E35: 508 | F35: 289234 | G35: JAGATH | H35: 18.16 | I35: 53.16 | J35: 35 | K35: 0.28611111 | L35: WASTE MILLING | M35: CCC-HIAR
B36: 13 | C36: 46015 | D36: 9546 | E36: 518 | F36: 289234 | G36: JAGATH | H36: 18.16 | I36: 51.68 | J36: 33.52 | K36: 0.40763889 | L36: WASTE MILLING | M36: CCC-HIAR
B37: 14 | C37: 46016 | D37: 9601 | E37: 519 | F37: 289234 | G37: JAGATH | H37: 18.16 | I37: 54.04 | J37: 35.88 | K37: 0.28125 | L37: WASTE MILLING | M37: CCC-HIAR
B38: 15 | C38: 46016 | D38: 9550 | E38: 539 | F38: 289234 | G38: JAGATH | H38: 18.16 | I38: 51.68 | J38: 33.52 | K38: 0.64027778 | L38: WASTE MILLING | M38: CCC-HIAR
B39: 16 | C39: 46018 | D39: 9604 | E39: 541 | F39: 289234 | G39: JAGATH | H39: 18.16 | I39: 53.16 | J39: 35 | K39: 0.3375 | L39: WASTE MILLING | M39: CCC-HIAR
B40: 17 | C40: 46019 | D40: 9605 | E40: 553 | F40: 289234 | G40: JAGATH | H40: 18.16 | I40: 56.14 | J40: 37.98 | K40: 0.28541667 | L40: WASTE MILLING | M40: CCC-HIAR
B41: 18 | C41: 46020 | D41: 9606 | E41: 557 | F41: 289234 | G41: JAGATH | H41: 18.16 | I41: 57.28 | J41: 39.12 | K41: 0.41180556 | L41: WASTE MILLING | M41: CCC-HIAR
B42: 19 | C42: 46021 | D42: 9607 | E42: 565 | F42: 289234 | G42: JAGATH | H42: 18.16 | I42: 49.98 | J42: 31.82 | K42: 0.68402778 | L42: WASTE MILLING | M42: CCC-HIAR
J43: =SUM(J24:J42) -> 706.2 | K43: 9
K44: =J43*K43 -> 6355.8
B48: S.L | C48: Date | D48: TICT-TICKET NO | E48: CCC-TICKET NO | F48: VEHICLE | G48: DRIVER NAME | H48: FIRST WEIGHT | I48: SECOND WEIGHT | J48: NET WEIGHT | K48: MATERIAL
J50: =SUM(J49:J49) -> 0 | K50: 11
K51: =J50*K50 -> 0
